"""A King Offers to Make Amends to a Bereaved Mother"", Folio from a Khamsa (Quintet) of Amir Khusrau Dihlavi"
"""A Muslim Pilgrim Learns a Lesson in Piety from a Brahman"", Folio from a Khamsa (Quintet) of Amir Khusrau Dihlavi"
"""Akbar With Lion and Calf"", Folio from the Shah Jahan Album"
"""Alberti Dvreri pictoris et architecti praestantissimi De vrbibvs..."""
"""Apollo of Versailles"""
"""Bahram Gur Sees a Herd of Deer Mesmerized by Dilaram' s Music"", Folio from a Khamsa (Quintet) of Amir Khusrau Dihlavi"
"""Bar"""
"""Bellini"" carpet"
"""Butterfly"""
"""Capitello"" Chair"
"""Carlton"" Room Divider"
"""Clover Leaf"""
"""Cyclone"""
"""Dancing Dervishes"", Folio from a Divan of Hafiz"
"""Farhad Carves a Milk Channel for Shirin"", Folio 74 from a Khamsa (Quintet) of Nizami"
"""Fortissimo"""
"""History of Navigation"" Mural"
"""I Love New York"""
"""Isfandiyar's Third Course: He Slays a Dragon"", Folio 434v from the Shahnama (Book of Kings) of Shah Tahmasp"
"""Jonah and the Whale"", Folio from a Jami al-Tavarikh (Compendium of Chronicles)"
"""Krishna Holds Up Mount Govardhan to Shelter the Villagers of Braj"", Folio from a Harivamsa (The Legend of Hari (Krishna))"
"""L'Eléphant Blanc"""
"""MR"" Armchair"
"""Maria-Luisa (dite Coré)"""
"""May"""
"""Men Treading Grapes"", Folio from a Materia Medica of Dioscorides"
"""On Liberty"""
"""Oyster Dress"""
"""Preparing Medicine from Honey"", from a Dispersed Manuscript of an Arabic Translation of De Materia Medica of Dioscorides"
"""Rosette Bearing the Names and Titles of Shah Jahan"", Folio from the Shah Jahan Album"
"""Shah Jahan on a Terrace, Holding a Pendant Set With His Portrait"", Folio from the Shah Jahan Album"
"""Smiling"" Figure"
"""Tahmuras Defeats the Divs"", Folio 23v from the Shahnama (Book of Kings) of Shah Tahmasp"
"""The Angel Gabriel meets 'Amr ibn Zaid (the Shepherd)"", Folio from a Siyer-i Nebi (the Life of the Prophet)"
"""The Antonius"" Violin"
"""The Concourse of the Birds"", Folio 11r from a Mantiq al-tair (Language of the Birds)"
"""The Eavesdropper"", Folio 47r from a Haft Paikar (Seven Portraits) of the Khamsa (Quintet) of Nizami"
"""The Elephant Clock"", Folio from a Book of the Knowledge of Ingenious Mechanical Devices by al-Jazari"
"""The Feast of Sada"", Folio 22v from the Shahnama (Book of Kings) of Shah Tahmasp"
"""The Francesca"" Violin"
"""The Funeral of Isfandiyar"", Folio from a Shahnama (Book of Kings)"
"""The Gould"" Violin"
"""The Souper Dress"""
"""The Story of the Princess of the Blue Pavillion: The Youth of Rum Is Entertained in a Garden by a Fairy and her Maidens"", Folio from a Khamsa (Quintet) of Amir Khusrau Dihlavi"
"""Venus"""
"""État"" Cabinet"
'Lotto' Carpet
'Saz'-style Drawing of a Dragon amid Foliage
11:00 A.M. Monday, May 9th, 1910. Newsies at Skeeter's Branch, Jefferson near Franklin. They were all smoking. Location: St. Louis, Missouri.
15, rue Maître-Albert
1947-48-W No. 1
?   ??   ?? ?????   ?|Ink Landscapes with Poems
?   ??   ??????   ?|Wang Xizhi watching geese
?   ?? ?   ?????  ???: ??????   ?|The Kangxi Emperor's Southern Inspection Tour, Scroll Three: Ji'nan to Mount Tai
?  ??  ?????  ?|The Sixteen Luohans
? ?? ???? ?|Night-Shining White
? ?? ?????????|Sutra Box with Dragons amid Clouds
? ?? ??????|Cosmological Mandala with Mount Meru
? ???????????|Buddha, Probably Amitabha (Amituofo)
? ??????|Dish in the Shape of a Leaf
??    ??    ?????    ?  |Old Trees, Level Distance
??   ??   ???   ?|Finches and bamboo
?? ?? ? ?? ?? ?? ? ?? ? ??|????????????? ??|Trefoil-shaped covered box with decoration of chrysanthemums
?? ?? ????? ?|Emperor Xuanzong's Flight to Shu
?? ??? ??? ?|Summer Mountains
?? ??? ???????? ?|Biographies of Lian Po and Lin Xiangru  
?? ???? ??|??? ??|Moon Jar
?? ??????|Knotted Dragon Pendant
?? ?????|Female Dancer
????? ??|????? ??|Water-moon Avalokiteshvara
????? ??|Portrait of Shun'oku My?ha (13111388)
?????? ????????|Buddha Maitreya (Mile)
??????? ??|??????? ??|Pensive bodhisattva
??????????????|Robe (Kosode) with Shells and Sea Grasses 
????????|Illustrated Legends of the Kitano Tenjin Shrine (Kitano Tenjin engi emaki)
???????|Dish with Three Jars
???????|Gibbons in a Landscape
??????|Za? Gongen
?????|Rough Waves
????|Old Plum
???|Buddha of Medicine Bhaishajyaguru (Yaoshi fo)
?ankh
A Basket of Clams
A Bear Walking
A Descriptive Atlas of the Cesnola Collection of Cypriote Antiquities in the Metropolitan Museum of Art, New York (18851903)
A Gathering at Wood's Edge
A Giant Seated in a Landscape, sometimes called 'The Colossus'
A Goldsmith in his Shop
A Gorge in the Mountains (Kauterskill Clove)
A Hunting Scene
A Hypocrite and a Slanderer
A Knight of the d'Aluye Family
A Rose
A Stallion
A Storm
A Tusk Figurine of a Man
A Young Mother
A. Persii Satyrarum liber I.D. Iunii Iuuenalis Satyrarum lib. V. Supliciae Satyra I : cum veteribus commentarijs nunc primum editis ex bibliotheca P. Pithoei I C. cuius etiam notae quaedam adiectae sunt
Abstraction, Twin Lakes, Connecticut
Academie de l'espee; ou se domonstrent par reigles mathématiques sur le fondement d'un cercle mystérieux, la théorie et pratique des vrais . . .
Accordion
Adam
Adam and Eve
Adoration of the Magi from Seven Scenes from the Life of Christ
Adoration of the Shepherds
Afternoon dress
Agate Lentoid
Akhenaten Sacrificing a Duck
Album of Tournaments and Parades in Nuremberg
Alfred Thompson Gobert
Allan Melville
Allegory of the Planets and Continents
Almanach de Normandie pour l'année bissext. 1788
Almanach impérial, pour l'année M. DCCC. XIII présente a S. M. l'Empereur et Roi, par Testu
Almanach royal : année bissextile M.DCC.LXXXIV. présenté a Sa Majesté pour la premiere fois en 1699 par Laurent d'Houry ...
Almanach royal, année M.DCC.LVIII
Almanach royal, année bissextile M.DCC.LXCII : présenté a sa Majeste pour la premiere fois en 1699 par Laurent d'Houry
Almanach royal, année bissextile M.DCC.LXXXIV.
Almanach royal, année bissextile M.DCC.LXXXVIII, présenté a sa Majeste pour la premiere fois en 1699
Alpha-Pi
Altar Frontal with Man of Sorrows and Saints
Alto Recorder in F
Aman-Jean (Portrait of Edmond François Aman-Jean)
"American Barque ""Jane Tudor,"" Conway Bay"
Americana
An Address to the Workmen in the Pottery on the Subject of Entering into the Service of Foreign Manufacturers
Ancestor Figure
Ancestor Figure (Korwar)
Ancestral Couple (Ana Deo)
Andrew Jackson
Angels Swinging Censers
Animal-Spouted Pitcher
Annual of American design 1931
Annunciation Triptych (Merode Altarpiece)
Antelope Head
Anthologie françoise, ou, Chansons choisies, depuis le 13a siècle jusqu'à présent
Antigraceful
Antoine Laurent Lavoisier (17431794) and His Wife (Marie Anne Pierrette Paulze, 17581836)
Apple Blossoms
Approach to a Mountain Village with Horsemen on the Road
Approaching Thunder Storm
Apse from San Martín at Fuentidueña
Aquamanile in the Form of Aristotle and Phyllis
Aquamanile in the Form of a Lion
Aquamanile in the Form of a Mounted Knight
Arbeitslos
Archangel Gabriel; The Virgin Annunciate
Arched Harp (shoulder harp)
Architectura Curiosa Nova: Das ist, neue ergotzliche Sinn und Kunstreiche auch nutzliche Bau- und Wasser-Kunst . . .
Archlute
Ariadne
Aristotle with a Bust of Homer
Arm Panel From a Ceremonial Chair of Thutmose IV
Armchair
Armchair (Fauteuil à la reine) (one of a pair)
Armet
Armlet
Armor
Armor (Gusoku)
Armor (Yoroi)
Armor Garniture of George Clifford (15581605), Third Earl of Cumberland
Armor Garniture, Probably of King Henry VIII of England (reigned 150947)
Armor of Emperor Ferdinand I (15031564)
Armor of Henry II, King of France (reigned 154759)
Armor of Infante Luis, Prince of Asturias (17071724)
Armorial Plate (tondino): The story of King Midas
Armorial dish: Supper at the House of Simon the Pharisee
Armorial tazza
Arrangement in Flesh Colour and Black: Portrait of Theodore Duret
Artist's Gridded Sketch of Senenmut
Artist's Sketch of Pharaoh Spearing a Lion
Artistic houses : being a series of interior views of a number of the most beautiful and celebrated homes in the United States : with a description of the art treasures contained therein
Asia; oder, Genaue und grundliche Beschreibung des gantzen Syrien und Palestins, oder belobten Landes . . .
Astrolabe of Umar ibn Yusuf ibn Umar ibn Ali ibn Rasul al-Muzaffari
Astronomicum Caesareum
At the Circus: The Spanish Walk (Au Cirque: Le Pas espagnol)
At the Lapin Agile
At the Seaside
Athanasii Kircheri e Soc. Jesu China monumentis: qua sacris qua  profanis, nec non variis naturae & artis spectaculis, aliarumque rerum memorabilium argumentis illustrata
Attic
Attica book
Autographs and Sketches from Artist Friends to Samuel P. Avery
Autumn Oaks
Autumn Rhythm (Number 30)
Avenue des Gobelins
Bacchanal
Bacchanal with a Wine Vat
Bacchanal: A Faun Teased by Children
Bacchante and Infant Faun
Bacchus and Ariadne
Bala
Ball gown
Balzac, The Silhouette4 A.M.
Base for a Water Pipe (Huqqa) with Irises
Bashi-Bazouk
Basin
Basket
Bass Viola da Gamba
Bassoon
Beaker with Apes
Beaker with birds and animals
Beaker with birds on the rim
Becca
Bedroom from the Sagredo Palace
Beete Mask: Ram (Bata)
Before Dinner
Being With (Être Avec)
Belt clasp
Berlin, Rom, Tokio
Bes-image of the god Hor-Asha-Khet
Between Earth and Heaven
Bibliorum Sacrorum Vulgatae versionis
"Bifolium from the ""Nurse's Qur'an"" (Mushaf al-Hadina)"
Bingham Copper Mining PitUtah / Reclamation Project
Bird Head
Bird Pendant
Bird in Space
Bis Pole
Black Cañon, From Camp 8, Looking Above
Black Stork in a Landscape
Blade for a Dagger (Tant?)
Blades and Mountings for a Pair of Swords (Daish?)
Blessed Art Thou among Women
Blind
Blind Orion Searching for the Rising Sun
Block Statue of a Prophet of Montu and Scribe Djedkhonsuefankh, son of Khonsumes and Taat
Block from a Relief Depicting a Battle
Blue Green Red
Blue-Painted Ibex Amphora from Malqata
Bo gu tu
Boating
Boden Sea, Uttwil
Bohemia Lies by the Sea
Boiserie from the Hôtel de Cabris, Grasse
Boiserie from the Hôtel de Varengeville
Bondjo
Bononiensis de architectura libri quinque quibus cuncta fere architectonicae facultatis mysteria docte, perspicue . . .
Booklet with Scenes of the Passion
Border #8
Border Fragment
Bow Brooch
Bowl Emulating Chinese Stoneware
Bowl with Arabic Inscription
Bowl with Eagle
Bowl with Green, Yellow, and Brown Splashed Decoration
"Bowl with Inscription, ""Sovereignty is God's"""
Bowl with The Virgin and the Unicorn and arms of Matthias Corvinus and Beatrice of Aragon
Bowl with a Horseman Spearing a Serpent
Bowl with the Arms of Pope Julius II and the Manzoli of Bologna surrounded by putti, cornucopiae, satyrs, dolphins, birds, etc.
Bowl with wheel-cut facets
Boy and Duck
Boys in a Dory
Bracelet with Agathodaimon, Isis-Tyche, Aphrodite, and Terenouthis
Brasero
Brazier of Sultan al-Malik al-Muzaffar Shams al-Din Yusuf ibn 'Umar
Breviario Grimani : ms. Lat. I 99=2138 della Biblioteca nazionale marciana di Venezia
Broken Eggs
Bronze chariot inlaid with ivory
Bronze diskos thrower
Bronze head of a griffin
Bronze horse
Bronze hydria (water jar)
Bronze man and centaur
Bronze mirror with a support in the form of a draped woman
Bronze plaque of Mithras slaying the bull
Bronze portrait of a man
Bronze rod tripod stand
Bronze statue of Eros sleeping
Bronze statue of an aristocratic boy
Bronze statue of the emperor Trebonianus Gallus
Bronze statuette of a boy in Eastern dress
Bronze statuette of a philosopher on a lamp stand
Bronze statuette of a rider wearing an elephant skin
Bronze statuette of a veiled and masked dancer
Bronze statuette of a young woman
Bronze statuette of an artisan with silver eyes
Brooklyn Bridge
Bureau table
Burgomaster Jan van Duren (16131687)
Burgonet
Burgonet with Falling Buffe
Bust of Pseudo-Seneca
Bust of a Man in a Hat Gazing Upward
Bust of the Virgin
Cabinet
Cabinet on stand
Caftan
Calendrier belgique, curieux et utile, contenant les evenemens historiques sur les jours de l'an, et les travaux à faire dans les jardins en chaque mois de l'année, la description des tableaux remarquables, que l'on trouve dans la ville de Gand, avec les noms des peintres pour l'ann?e MDCCLXXII
California
Call
Calligraphic Galleon
Calligraphic Plaque
Campden Hill, London
Candlestick and Playing Cards on a Table
Canoe Figurehead (Nguzu Nguzu, Musu Musu, or Toto Isu)
Canopic Jar (07.226.1) with a Lid in the Shape of a Royal Woman's Head (30.8.54)
Cape
Cape Horn near Celilo
Captain George K. H. Coussmaker (17591801)
Card table
Cardinal Fernando Niño de Guevara (15411609)
Carpet 
Carpet with Palm Trees, Ibexes, and Birds
Carpet with Scrolling Vines and Blossoms
Carpet with Triple-arch Design
Carved amber bow of a fibula (safety pin)
Cased Set of a Flintlock Rifle, a Pair of Pistols, and Accessories
Casket
Casket with Scenes from Romances
Cat Statuette intended to contain a mummified cat
Catalogue of the Collection of Jewels and Precious Works of Art, the Property of  J. Pierpont Morgan
Ceiling
Ceiling painting from the palace of Amenhotep III
Celery vase
Celestial globe with clockwork
Celia
Celia Thaxter's Garden, Isles of Shoals, Maine
Censer, Seated King
Center table
Central Park, Winter
Century Vase
Ceramic Horn
Ceremonial Banner (Palepai Maju)
Ceremonial Board (Malu)
Chadri
Chair
Chair of Reniseneb
Chalcedony scaraboid
Chalice
Chalice à soleil
Chance Encounter at 3 A.M.
Chapter House from Notre-Dame-de-Pontaut
Charger
Chasse of Champagnat
Chasse with the Crucifixion and Christ in Majesty
Chegah-Skah-Hdah
Chest
Child with a toy hand grenade in Central Park, N.Y.C.
Chocolate Pot
Chongak Kayagum
Christ Carrying the Cross
Christ Carrying the Cross, with the Crucifixion; The Resurrection, with the Pilgrims of Emmaus
Christ Crucified between the Two Thieves: The Three Crosses
Cider Making
Circus Sideshow (Parade de cirque)
Cittern
Clarinet in B-flat
Clarinet in D
Clasp with an eagle and its prey
Clavichord
Claviorganum
Clemens Röseler
Cleopatra
Clothing the Naked
Coat
Coatdress
Codice civile generale austriaco
Coffeepot
Coffin of Nakhtkhnum
Coin cabinet
Collection Julien Gréau: verrerie antique, emaillerie et poterie appartenent à M. J. Pierpont Morgan
Colt Third Model Dragoon Percussion Revolver, Serial Number 12406
Column Statue of a King
Commode
Commode à vantaux
Compass
Compositional Sketches for the Virgin Adoring the Christ Child, with and without the Infant St. John the Baptist; Diagram of a Perspectival Projection (recto); Slight Doodles (verso)
Condesa de Altamira and Her Daughter, María Agustina
Confronted Animal Rug
Congressional Presentation Sword and Scabbard of Major General John E. Wool (17841869)
Congressional Presentation Sword with Scabbard of Colonel Marinus Willett (17401830)
Constellation: Toward the Rainbow
Container for Magical Substances (Perminangken [?])
Contes et nouvelles de Bocace florentin : traduction libre, accommodée au gout de ce temps, & enrichie de figures en taille-douce gravées par Mr. Romain de Hooge
Contes et nouvelles en vers par Jean de la Fontaine
Corner chair
Cornet à Pistons in B-flat
Cornetto in A
Coronation of the Virgin
Corridor in the Asylum
Corset
Cosmetic Box with a Swivel Top
Cosmetic Spoon in the Shape of Swimming Woman Holding a Dish
Cosmetic Vessel in the Shape of a Cat
Costume Armor in the Classical Style
Cottage among Trees
Cottage near the Entrance to a Wood
Couple
Couple d'amoureux dans un petit café, quartier Italie
Court dress
Courtiers in a Rose Garden: A Lady and Two Gentlemen
Courting flute (siyotanka)
Covered goblet
Covered jar
Cow's Skull: Red, White, and Blue
Crescent-Shaped Pendant with Confronted Birds
Crib of the Infant Jesus
Criss-Crossed Conveyors, River Rouge Plant, Ford Motor Company
Crossbow Brooch
Crossbow of Count Ulrich V of Württemberg (14131480)
Crown of the Virgin of the Immaculate Conception, known as the Crown of the Andes
Crucified Christ
Crucifix
Cubiculum (bedroom) from the Villa of P. Fannius Synistor at Boscoreale
Cult Image of the God Ptah
Cult vessel in the form of a tower with cylinder seal impressions near the top
Cuneiform tablet case impressed with two cylinder seals, for cuneiform tablet 66.245.5a: record of a lawsuit
Cuneiform tablet: administrative account of barley distribution with cylinder seal impression of a male figure, hunting dogs, and boars
Cup with a frieze of gazelles
Cupboard
Cuxa Cloister
Cylinder seal and modern impression: Ishtar image and a worshiper below a canopy flanked by winged genies
Cylinder seal and modern impression: hunting scene
Cypresses
Dadabuan
Dado Panel
Dagger with Hilt in the Form of a Blue Bull (Nilgai)
Dagger with Scabbard
Dagger with Zoomorphic Hilt
Damaru
Damascus Room
Dance Mask
Dancing in Colombia
Daniel Crommelin Verplanck
Das Interieur (1900)
Das Interieur (1901)
De l'imitation de Jesus-Christ, traduction nouvelle ; ornée de figures en taille-douce
De' ragguagli di Parnaso: Centuria prima-seconda
Decanter
Decorating paper : pattern & technique
Dedicatory Inscription from a Mosque
Deity Censer (Xantil)
Deity Figure (Zemí)
Denkmaler aus Aegypten und Aethiopien: nach den Zeichnungen der von Deiner Majestat dem Konige von Preussen Friedrich Wilhelm IV Nach Diesen Landern Gesendeten und in den Jahren 18421845 Ausgefuhrten Wissenschaftlichen Expedition . . .
Densho
Der aller durchleuchtigisten und grosmächtigen Kayser ... Königen ... Herren vom Adel ... Bildtnussen und kurtz Beschreibungen ihrer so wol in Fridts- als Kriegszzeiten verrichten fürnembsten Thaten und Handlungen : deren Waffen und Rüstungen ... auss allen Landen der Welt ... in dem Schloss Ombrass ... zu ewiger Gedächtnuss auffbehalten werden ...
Descriptio pbvlicae gratvlationis, spectacvlorvm et lvdorvm, in aventv sereniss: Principis Ernesti Archidvcis Avstriae Dvcis Vrgvndiae
Descrizione degli' istromenti armonici d'ogni genere . . .
Design for a Wall Monument
Desk and Bookcase
Desk and bookcase
Dialogo sobre hua nova obra no Rio Tejo ...
Dialogos de la pintvra : sv defensa, origen, essecia, definicion, modos y diferencias
Diana
Diana and Actaeon
Diana and Actaeon (Diana Surprised in Her Bath)
Diaries of Samuel P. Avery
Dining room from Lansdowne House
Diptych with Scenes of the Annunciation, Nativity, Crucifixion, and Resurrection
Diptych with the Coronation of the Virgin and the Last Judgment
Dish (piatto): Man Washing the Mouth of an Ass
Dish Depicting Two Birds among Flowering Plants
Dish with Abraham and Melchizedek
Dish with Two Intertwined Dragons
Dish: The Destruction of the Hosts of Pharaoh
Dizi
Doct. Johan Arndts, dess gottseligen und hocherleuchteten Lehrers Paradijss Gärtlein : welches voller christlichen Tugend-Gebete erfüllet
Door lintel with lion-griffins and vase with lotus leaf
Doorway from Moutiers-Saint-Jean
Doorway from the Church of San Nicolò, San Gemini
Double Virginal
Double Whistle
Double-Barrel Breech-Loading Pinfire Shotgun
Double-Barreled Wheellock Pistol Made for Emperor Charles V (reigned 151956)
Double-Chambered Vessel
Double-Eagle Pendant
Doublet
Doylestown HouseStairs from Below
Dragon Wrapped around Saz Leaves
Dragon-Handled Jug with Inscription
Dress
Dress ornament
Drop-front desk (secrétaire à abattant or secrétaire en cabinet)
Drop-front secretary (Secrétaire en armoire)
Drum
Dune Landscape with Oak Tree
Dung-Chen
Dusasa II
Dutch Interior (III)
Eagle
Ear Ornament, Winged Runner
Eastern Coast of Rügen Island with Shepherd
Easy Chair
Ecstatic Christ
Edwin Davis French, A Memorial: His Life, His Art
Eharo Mask
El Morocco, New York
Electric clock
Elegy to the Spanish Republic No. 70
Elements of a Light-Cavalry Armor
Elijah Boardman
Elizabeth Farren (born about 1759, died 1829), Later Countess of Derby
Embroidered Sampler
Embroidered sampler
Embroidery with the Annunciation
Emperor Vespasian Cured by Veronica's Veil
Enameled and Gilded Bottle
Encyclopédie, ou Dictionnaire raisonné des sciences, des arts et des métiers
Encyclopédie, ou Dictionnaire raisonné des sciences, des arts et des métiers, par une société de gens de lettres
English Horn
Ennanga
Ensemble
Enthroned Virgin and Child
Enthroned deity
Epistole eroiche di P. Ovidio Nasone
Erasmus of Rotterdam
Ernesta (Child with Nurse)
Eroro
Estate Figure
Eugène Pelletan
Euphemia White Van Rensselaer
Evening Calm, Concarneau, Opus 220 (Allegro Maestoso)
Evening blouse
Evening dress
Evening ensemble
Evening suit
Evening: Landscape with an Aqueduct
Ewer
Ewer and Plateau
Ewer with Wild Man Finial
Ewer with a Feline-Shaped Handle
Examples of Chinese ornament selected from objects in the South Kensington Museum and other collections
Eye idol
Eyes
Face Mask (Kpeliye'e)
Face attributed to Ptolemy II Philadelphos or a contemporary
Face from a Composite Statue, probably Queen Tiye
Face of Senwosret III
Fancy dress costume
Feathered Panel
Feline Bottle
Feline Incense Vessel
Feline-Head Bottle
Female Figure
Female Figure (Tetepeku)
Ferdinando de' Medici (16631713), Grand Prince of Tuscany
Fifth Avenue, Nos. 4, 6, 8
Figure
Figure (Hampatong)
Figure from a Reliquary Ensemble: Seated Female
Figure of Isis-Aphrodite
Figure of a Cynocephalus Ape
Figure of a reclining woman
Figure of an Asian captive, perhaps from a piece of furniture
Figure: Seated Couple
Figures françoises et comiques nouvellement inventées par M. Watteau; Figures de modes dessinées et gravées à l'eau forte par Watteau; a terminées au buin par Thomassin le fils
Finial from a Ritual Staff (Tungkot Malehat)
Finial in the Form of a Parrot
Fishing Boats, Collioure
Fishing Boats, Key West
Flight Into Egypt
Flintlock Gun of Louis XIII (16011643), King of France
Flintlock Rifle
Floral Tent Panel
Floral collar from Tutankhamun's Embalming Cache
Flower-Style Box with Drawers
Folio from a Mu'nis al-ahrar fi daqa'iq al-ash'ar (The Free Man's Companion to the Subtleties of Poems) of Jajarmi
Folio from a Qur'an Manuscript
"Folio from the ""Blue Qur'an"""
"Folio from the ""Tashkent Qur'an"""
Footed Bowl and Plate
Foreigners in a Procession
Formes et couleurs: vingt planches en couleurs contenant soixante-sept motifs decoratifs
Foundation peg in the form of the forepart of a lion
Fragment
Fragment of a Floor Mosaic with a Personification of Ktisis
Fragment of a Kaftan Back
Fragment of a Queen's Face
Fragment of a Tapestry or Wall Hanging
Fragment of a bowl with a frieze of bulls in relief
Fragment of the marble stele (grave marker) of a hoplite (foot soldier)
Fragmentary Face of King Khafre
Fragmentary Loom Width with Wavy-vine Pattern
Fragments of a marble statue of the Diadoumenos (youth tying a fillet around his head)
Francesco d'Este (born about 1430, died after 1475)
Francis Brinley
Frank Johnson, Leader of the Brass Band of the 128th Regiment in Saratoga, with his wife, Helen
Frog Pendant
From the Back Window  291
Funerary Figure (Kulap)
Funerary Figure of Akhenaten
Funerary Mask
Funerary relief
Fur Traders Descending the Missouri
Furniture element carved in the round with the head of a roaring lion
Furniture plaque carved in relief with a woman at the window
Furniture support: female sphinx with Hathor-style curls
Gable Figure (Dilukai)
Gala Éluard
Galerie Giustiniani, ou, Catalogue figuré des tableaux de cette célèbre galerie, transportée d'Italie en France, accompagné d'observations critiques et historiques, et de soixante-douze planches gravée au trait, contenant environ cent cinquante sujets
Gambler, French Riviera
Game Piece with a Scene from the Life of Apollonius of Tyre
Game of Hounds and Jackals
Ganymede jewelry
Garden Gathering
Garden at Sainte-Adresse
Gazelle
Gazette du bon ton: arts, modes et frivolities
Genius of Mirth
George Washington
Georgia O'Keeffe
Georgia O'Keeffe  Neck
Gertrude Stein
Ghanti (bell)
"Glass ""Claw"" Beaker"
Glass garland bowl
Glass hexagonal amphoriskos
Glass oinochoe
Glass oinochoe (jug)
Glass situla (bucket) with silver handles
Glass snake-thread flask shaped like a mouse
Gloves
Goa Stone and Gold Case
Goblet
Goblet with Incised Designs
God Horus Protecting King Nectanebo II
God's trombones : seven negro sermons in verse
Gold Neck Ring
Gold armband with Herakles knot
Gold earrings with disk and boat-shaped pendant
Gold phiale (libation bowl)
Gold rosette with the head of a griffin
Goqing
Grammaire des arts du dessin : architecture, sculpture, peinture
Grand Piano
Grand Pianoforte
Great Indian Fruit Bat
Group of four vases
Guardian Figure
Guitar
Hair Comb Decorated with Rows of Wild Animals
Handle Depicting a Lion Subduing a Nubian
Handle for a Fly Whisk (Tahiri)
Hardanger Fiddle
Haremhab as a Scribe of the King
Harlequina
Harold Greengard, Twin Lakes, Connecticut
Harper's bazaar
Harpsichord
Harquebusier's Armor of Pedro II, King of Portugal (reigned 16831706) with Buff Coat
Head Attributed to Arsinoe II
Head for Yam ceremony (Yena)
Head from a Statue of King Amenhotep I
Head of King Amenmesse Wearing the Blue Crown
Head of King David
Head of Ptolemy II or III
Head of Tutankhamun
Head of a Hippopotamus
Head of a Man
Head of a Young Woman
Head of a goddess
Head of a goddess, probably Mut, for attachment to a processional barque (?)
Head of a princess from a group statue
Head of a ram
Head of a ruler
Head of an Oba
Head of the god Amun
Headdress
Headdress (Kapurei [?])
Heart Scarab of Hatnefer
Heart of the Andes
Helm for the Joust of Peace (Stechhelm)
Helmet
Helmet (Sallet)
Helmet (Spangenhelm)
Helmet (Zukinnari Kabuto)
Helmet Mask
Helmet Mask  (Temes Mbalmbal)
Helmet with Aventail
Helmet with divine figures beneath a bird with outstretched wings
Henri d'Albret (150355), King of Navarre
Henri-Charles Maniglier
Hercules and Achelous
Hercules chasing Avarice from the Temple of the Muses
Hermann von Wedigh III (died 1560)
Hiawatha
High chest of drawers
Hih? / hensh? iin
Histoire secrette de Neron, ov, Le festin de Trimalcion, traduit de Petrone, avec des notes historiques par M. Lavaur ...
Holy Face
Honoré Daumier, l'homme et l'uvre : ouvrage orné d'un portrait à l'ea-forte, de deux héliogravures et de 47 illustrations
Honoré de Balzac
Honus Wagner, Pittsburgh, National League, from the White Border series (T206) for the American Tobacco Company
Horatio Gates
House Post (Tomor)
House Post Figure
House Post Figure (Amo)
House behind Trees
House of Fire
House-post Figure
Houses on the Achterzaan
Hsi-hsiang chi, chinesische Farbholzschnitte von Min Ch?i-chi 1640
Hugh Hall
Human-headed winged bull (lamassu)
Human-headed winged lion (lamassu)
Hunters in a Landscape
Hunting Sword with Scabbard
I Saw the Figure 5 in Gold
I quattro libri dell'architettura di Andrea Palladio . . .
Ia Orana Maria (Hail Mary)
"Icarus, plate VIII from the illustrated book, ""Jazz"""
Icon with the Crucifixion
Il Ritratto di Venezia
Illuminated Gospel
Imaginary View of Venice (undivided plate)
Improvisation 27 (Garden of Love II)
Incense Burner of Amir Saif al-Dunya wal-Din ibn Muhammad al-Mawardi
Incense burner
Incidents of Travel in Central America, Chiapas, and Yucatan
Incidents of Travel in Yucatan
Individuals
Inkwell
"Inlay Depicting ""Horus of Gold"""
Interaction of color
Island of the Dead
Istruzione elementare per gli studiosi della scultura
Ivory decorative plaque
Jacket
Jagdhorn in G
Jaharis Byzantine Lectionary
Jar from the tomb of Sennedjem
Jean Paulhan
Jewelry Elements
Joan of Arc
Joseph-Antoine Moltedo (born 1775)
Joséphine-Éléonore-Marie-Pauline de Galard de Brassac de Béarn (18251860), Princesse de Broglie
Journal of the Royal Asiatic Society of Great Britain & Ireland
Juan de Pareja (16061670)
Jug Decorated with Dolphins and Birds
Julia Jackson
Julien Levy
Julius Caesar and Attendants (from the Nine Heroes Tapestries)
July Hay
Jumpsuit
Jupiter and Juno: Study for the 'Furti di Giove' Tapestries
Kam?nche
Kettle Drums
Khusrau and Shirin
King Sahure and a Nome God
Kitab suwar al-kawakib al-thabita (Book of the Images of the Fixed Stars) of al-Sufi
Kitchen Corner, Tenant Farmhouse, Hale County, Alabama
Kneeling Female Figure
Kneeling bull holding a spouted vessel
Kora
Koto
Kouros
Kushite Pharaoh
Kushite priest wearing garment with leopard's head and tassels, subsequently adapted for a king
L'Amour dans le globe; ou, L'Almanach volant, composé de petites pièces fugitives, légères ou galantes, en prose & en vers: avac un précis historique de l'origine du globe aérostatique, des expériences du Champ-de-Mars, de Versailles, de la Muette & des Tuileries, ainsi que vers & chansons y relatifs. Le tout enrichi de figures
L'ami des voyageurs, ou, Etrennes instructives, curieuses et nécessaires à toutes les personnes qui voyagent, soit à pied, à cheval, en voiture, ou par eau : soit par les voitures publiques, etc. etc.
L'art de former les jardins modernes, ou, L'art des jardins anglois : traduit de l'anglois : à quoi le traducteur a ajouté un discours préliminaire sur l'origine de l'art, des notes sur le texte, & une description détaillée des jardins de Stowe, accompagnée du plan
L'eschole de Salerne en vers burlesques & duo poemata macaronica: de bello huguenotico: et De gestis magnanimi & prudentissimi Baldi
L'office de l'Église en françois contenant les offices pour toute l'année, plusieurs prières tirées de l'écriture-sainte & des saints pères, les hymnes en vers françois, avec une instruction pour les fidèles
La Basilica di San Marco in Venezia illustrata nella storia e nell'arte da scrittori veneziani : [volume 3]
La Crainte des Traits de l'Amour
La Jibarita IV
La dedvction de l'innocence de messire Philippe Baron de Montmorency, Conte de Hornes, franc seigneur de Vveert, admiral & capitaine general de la Mer du pais bas ... contre la malicievse apprehension, indeüe detention, injuste procedure, fausse accusation, iniques sentences et tyrannicque exécution en sa personne à grand tort, par voye de faict perpetrees
La table servie
Lady Lilith
Lady at the Tea Table
Lady of the Lake
Lady with Her Pets (Molly Wales Fobes)
Lake George
Landscape with Stars
Landscape with a Double Spruce in the Foreground
"LandscapeScene from ""Thanatopsis"""
Lantern for a Lamp
Large Boston Public Garden Sketchbook: The Huntington Avenue Streetcar
Le Description de l'Egypte; ou, recueil des observations et des recherches qui ont été faites en Égypte pendant l'expedition de l'armée francaise . . .
Le calendrier de la cour : tiré des ephémérides, pour l'année bissextile mil sept-cent quatre-vingt-quatre : contenant le lieu du soleil, son lever, son coucher, sa déclinaison: le lever de la lune & son coucher, &c. : avec la naissance des rois, reines, princes & princesses de l'Europe imprimé pour la famille royale et maison de sa Majesté
Le pitture e sculture di Brescia che sono esposte al pubblico con un' appendice di alcune private gallerie
Leaf from a Beatus Manuscript: Christ in Majesty with Angels and  the Angel of God Directs Saint John to Write the Book of Revelation
Leaf from a Beatus Manuscript: at the Clarion of the Fifth Angel's Trumpet, a Star Falls from the Sky; the Bottomless Pit is Opened with a Key; Emerging from the Smoke, Locusts Come Upon the Earth and Torment the Deathless
Lectern for the Reading of the Gospels with the Eagle of Saint John the Evangelist
Leisure Time in an Elegant Setting
Lemuel Shaw
Leonidas at Thermopylae
Les aventures de Télémaque, fils d'Ulysse par M. de Fénélon ; avec figures en taille-douce, dessinées par MM. Cochin et Moreau le jeune
Les cathédrales de France
Les jeux du cirque et la vie foraine
Les moeurs et la caricature en France
Les oeuvres morales de Mr. Diderot : contenant son traité De l'amitié, et celui Des passions
Les proportions du corps humain, mesurées sur les plus belles figures de l'antiquité
Lettres cabalistiques, ou, Correspondance philosophique, historique & critique, entre deux cabalistes, divers esprits elementaires, & le seigneur Astaroth
Libation Dish Depicting Ka-Arms Presenting an Ankh-Sign
Library Table
Lidded Saltcellar
Lidded Vessel
Lilacs in a Window (Vase de Lilas a la Fenetre)
Lime Container (Poporo)
Limestone Herakles
Limestone head of a bearded man
Limestone sarcophagus: the Amathus sarcophagus
Linen Press
Lion
Lion (one of a pair)
Lion Cub
Lion felling a bull, from a marble pediment
Living Room from the Francis W. Little House: Windows and paneling
Loffice de Noël, 1768
Lotiform Chalice
Love
Lucas I
Lucas van Uffel (died 1637)
Lucretia
Lumière
Luster Bowl with Winged Horse
Lute Player
Lygia Pape : obras
Lyre Guitar
Madame Félix Gallois
Madame Georges Charpentier (Marguérite-Louise Lemonnier, 18481904) and Her Children, Georgette-Berthe (18721945) and Paul-Émile-Charles (18751895)
Madame Jacques-Louis Leblanc (Françoise Poncelle, 17881839)
Madame Roulin and Her Baby
Madame X (Madame Pierre Gautreau)
Madame de Wailly, née Adélaïde-Flore Belleville (17651838)
Mademoiselle V. . . in the Costume of an Espada
Madonna and Child
Madonna and Child Enthroned with Saints
Madonna and Child with Angels
Magical Stela (Cippus of Horus)
Male Figure
Male Figure (Moai Tangata)
Male Figure with Raised Arms
Male Figure: Court Official
Male god
Mamluk Carpet
Man carrying a box, possibly for offerings
Mandolin
Mandora
Manuel Osorio Manrique de Zuñiga (17841792)
Manuscript Leaf with the Crucifixion, from a Missal
Marble Portrait Bust of a Woman with a Scroll
Marble Statue Group of the Three Graces
Marble akroterion
Marble column from the Temple of Artemis at Sardis
Marble female figure
Marble funerary lekythos
Marble grave stele of a little girl
Marble grave stele of a young woman and servant
Marble grave stele with a family group
Marble head and torso of Athena
Marble head of a Ptolemaic queen
Marble head of a goddess
Marble head of an athlete
Marble portrait bust of the emperor Gaius, known as Caligula
Marble portrait head of the Emperor Constantine I
Marble portrait of the emperor Augustus
Marble portrait of the emperor Caracalla
Marble sarcophagus with garlands
Marble sarcophagus with the Triumph of Dionysos and the Seasons
Marble seated harp player
Marble shell
Marble statue of Eirene (the personification of peace)
Marble statue of a kouros (youth)
Marble statue of a lion
Marble statue of a member of the imperial family
Marble statue of a wounded Amazon
Marble statue of a wounded warrior
Marble statue of an old woman
Marble stele (grave marker) of a woman
Marble stele (grave marker) of a young girl
Marble stele (grave marker) of a youth and little girl with capital and finial in the form of a sphinx
Margaret of Austria
Margaretha van Haexbergen (16141676)
Marilyn
Mars and Venus United by Love
Marsyas
Martyrdom of Saint Lawrence
Mary Sylvester
Mask
Mask (Buk, Krar, or Kara)
Mask (Mukudj)
Mask: Female Figure (Karan-wemba)
Mastaba Tomb of Perneb
Maternity
May Picture
Mechanical Dog
Mechanical table
Medal cabinet
Medallion with a Portrait of Gennadios
Medallion with a seated deity and a male worshiper
Medinet-Habu
Melencolia I
Memoires de Montecuculi, generalissime des troupes de l'empereur : divisés en trois livres : I. De l'art militaire en général, II. De la guerre contre le turc, III. Relation de la campagne de 1664
Memoires et réflexions sur les principaux évenemens du regne de Louis XIV, & sur le caractere de ceux qui y ont eu la principale part. Par mr. l.m.d.L.F
Memorial Head (Nsodie)
Memorial painting
Men Shoveling Chairs (Scupstoel)
Men's Beaded Bodice
Menat necklace from Malqata
Merry Company on a Terrace
Merrymakers at Shrovetide
Messrs. M. Knoedler & Co. announce an exhibition of water colors, drawings and stage decorations by Leon Bakst : April 10th to April 24th, inclusive, 1920
Mestanskeho Pivovaru
Mezzetin
Mi-gyaung
Michael Angelo and Emma Clara Peale
Midshipman Augustus Brine
Mihrab (Prayer Niche)
Miniature broad collar
Mirror Case
Mirror-Bearer
Miserable miracle (mescaline)
Mme Vuillard Sewing by the Window, rue Truffaut
Model for a Proposed Monument to Commemorate the Invention of the Balloon
Model of a Granary with Scribes
Modern chromatics : with applications to art and industry
Monteith with arms of Gibbs and Nelthorpe
Monumental vase
Moonlight on Mount Lafayette, New Hampshire
Morgan Casket
Morte d'Arthur
Mosque Lamp for the Mausoleum of Amir Aydakin al-'Ala'i al-Bunduqdar
Mother and Child
Mountain Stream
Mourning Victory from the Melvin Memorial
Mr. Vanderbilt's house and collection
Mr. and Mrs. Daniel Otis and Child
Mrs. Francis Brinley and Her Son Francis
Mrs. Grace Dalrymple Elliott (1754?1823)
Mrs. Hugh Hammersley
Mrs. John Winthrop
Mrs. Schuyler Van Rensselaer (Mariana Griswold)
Mt. Katahdin (Maine), Autumn #2
Mummy Mask
Musette de Cour
Music Stand
Musical Clock with Spinet and Organ
Mäda Primavesi (19032000)
Mémoire sur un rouet a filer des deux mains a la fois
Mémoires du Comte de Grammont : histoire amoureuse de la cour d'Angleterre sous Charles II / par Antoine Hamilton ; préface et notes par Benjamin Pifteau
Naked Man, Back View
Naophorous Block Statue of a Governor of Sais, Psamtik[seneb]
Narrative of the Operations and Recent Discoveries Within the Pyramids, Temples, Tombs and Excavations in Egypt and Nubia; and of a Journey to the Coast of the Red Sea, in Search of the Ancient Berenice; and Another to the Oasis of Jupiter Ammon
Narva
"Nasturtiums with the Painting ""Dance"" I"
Natural Trumpet
Natural Trumpet in D
Necklace
Necklace pendants and beads
New York
Night Creatures
Nikare with his Wife and Daughter
Nine Jackies
No. 13 (White, Red on Yellow)
Nocturne (Nocturne: The Thames at Battersea)
Northeaster
Note in Pink and Brown
Nova objetividade brasiliera
Now!
Nude female figure
Nude in Front of a Mantel
Nyonganyonga
O-daiko
Oboe in C
Odalisque
Oeuvres de Moliere : avec des remarques grammaticales, des avertissemens et des observations sur chaque piéce, par M. Bret
Olive Trees at Collioure
On Painting in Oil and Water Colours, Landscape and Portraits . . .
Open bowl
Openwork furniture plaque with a grazing oryx in a forest of fronds
Openwork furniture plaque with two sphinxes
Opera coat
Opus Anglicanum (Chasuble)
Orlando furioso di M. Lodouico Ariosto nuouamente adornato di figure di rame da Girolamo Porro Padouano ; et di altre cose che saranno notate nella sequente facciata
Orthostat relief: lion-hunt scene
Otto, Count of Nassau and his Wife Adelheid van Vianen
Outer Coffin of Henettawy (F)
Oval Form with Strings and Color
Pair of  Figures
Pair of Clappers
Pair of Diviner's Figures
Pair of Flintlock Pistols of Empress Catherine the Great (17291796)
Pair of Minbar Doors
Pair of Transverse Flutes
Pair of gold armbands
Pair of silver scyphi (cups) with relief decoration
Palette inscribed for Smendes, High Priest of Amun
Pan
Panaromic View of the Bacino di San Marco, Looking up the Giudecca Canal
Panel (Lid from a Chest?)
Panel from a Rectangular Box
Panel with Horse Heads
Panel with striding lion
Panel with the god Zeus/Serapis/Ohrmazd and worshiper
Panoramic View of the Palace and Gardens of Versailles
Pantsuit
Paradise Lost
Paris
"Paris illustré, ""A Ischia"""
"Paris illustré, ""Aux Environs de Paris"""
"Paris illustré, ""La danse"""
"Paris illustré, ""Les fêtes foraines"""
Paten
Patio from the Castle of Vélez Blanco
Pectoral and Necklace of Sithathoryunet with the Name of Senwosret II
Pectoral with Coins and Pseudo-Medallion
Pen Box (Qalamdan) Depicting Shah Isma'il in a Battle against the Uzbeks
Penny Picture Display, Savannah
Peonies Blown in the Wind
Perseus and the Origin of Coral
Perseus with the Head of Medusa
Petit almanach de la cour de France : 1819. treizième année
Petri Gyllii De Bosporo thracio libri III ; Petri Gyllii De topographia Constantinopoleos
Phantomas. 62. Marcel Broodthaers
Phat Free
Phebe Warner Coverlet
Philip Stanhope Worsley
Phonurgia nova, sive conjugium mechanico-physicum artis & natvrae paranympha phonosophia concinnatum . . .
Piazza San Marco
Pier table
Pierced Jug with Harpies and Sphinxes
Pierced Window Screen
Pierrot Laughing
Pietà (Vesperbild)
Pink and Rose
Pipa
Pipe Organ
Pitcher
Planches pour l'Encyclopédie, ou pour le Dictionaire raisonné des sciences, des arts libéraux, et des arts méchaniques, avec leur explication
Plant stand
Plaque with Agnus Dei on a Cross between Emblems of the Four Evangelists
Plaque with Censing Angels
Plaque with Christ Receiving Magdeburg Cathedral from Emperor Otto I
Plaque with Saint John the Evangelist
Plaque with horned lion-griffins
Plaque with the Descent from the Cross
Plaque with the Holy Women at the Sepulchre
Plaque with the Journey to Emmaus and Noli Me Tangere
Plaque with the Pentecost
Plaque: Warrior and Attendants
Plate
Plate with a hunting scene from the tale of Bahram Gur and Azadeh
Plate with the Battle of David and Goliath
Platter
Pocket bottle
Pony tracks
Pool Parlor
Porphyry support for a water basin
Porphyry vessel with bearded masks
Port Authority
Portal from the Church of San Leonardo al Frigido
Portions of a Costume Armor
Portland vase
Portrait (A. Siekmann)
Portrait of Alvise Contarini(?); (verso) A Tethered Roebuck
Portrait of Gerard de Lairesse
Portrait of Monsieur Aublet
Portrait of Nicolas Trigault in Chinese Costume
Portrait of a Carthusian
Portrait of a Gentleman
Portrait of a German Officer
Portrait of a Lady
Portrait of a Man, possibly Matteo di Sebastiano di Bernardino Gozzadini
Portrait of a Woman with a Man at a Casement
Portrait of a Woman, Possibly a Nun of San Secondo; (verso) Scene in Grisaille
Portrait of a Woman, possibly Ginevra d'Antonio Lupari Gozzadini
Portrait of a Young Man
Portrait of an Ecclesiastic
Portrait of the Artist
Portrait of the Boy Eutyches
Portrait of the Painter
Potato
Potpourri vase (pot-pourri gondole)
Poughkeepsie, New York
Powder Horn
Power Figure (Nkisi N'Kondi: Mangaaka)
Power Figure: Male (Nkisi)
Pratiqve de la Guerre. Contenant l'usage de l'Artillerie, Bombes & Mortiers, Feux Artificiels & Petards, Sappes & Mines, Ponts & Pontons, Tranchees & Travaux, auec l'ordre des Assauts aux Breches. Ensemble vn traite des Feux de Ioye/par le sievr de Malthvs
Presentation Smallsword
Presentation Sword and Scabbard of Brigadier General Daniel Davis (17771814) of the New York Militia
Presentation Vase
Prestige Stool: Female Caryatid
Prisoners from the Front
Processional Cross
Processional cross
Proposition concernant le payement et la police des troupes du roy, qui produira à Sa Majesté une finance de six millions deux cens soixante mille livres inventée et proposée par le baron de Sparre, circa 1740
Prototype tea service
Ptah Statue
Pyxis (Cylindrical Container)
Qin
Queen Esther Approaching the Palace of Ahasuerus
Queen Mother Pendant Mask: Iyoba
Queen Victoria
Quilt Top, Crazy pattern
Qur'an Manuscript
Ram's-head Amulet
Rapier of Prince-Elector Christian II of Saxony (15831611)
Rapport au roi sur la situation, au 31 mars, 1829, des canaux et autres ouvrages entrepris en vertu des lois des 20 juin et 5 aout 1821
Raven rattle
Rayograph
Reading at a Table
Reading the News at the Weavers' Cottage
Rebecca, New York
Reclining Female Nude
Reclining Nude
Reclining mouflon
Rectangular Octave Virginal
Recueil de planches, sur les sciences, les arts libéraux, et les arts méchaniques : avec leur explication
Reflection in the Mirror
Regal
Relief of Nebhepetre Mentuhotep II and the Goddess Hathor
Relief of the Betrayal and Arrest of Jesus
Relief panel
Relief with Enthroned Ruler
Relief: two servants bearing food and drink
Reliefs from the Tomb of Nespekashuty
Reliquary Bust of Saint Yrieix
Reliquary Casket with Scenes from the Martyrdom of Saint Thomas Becket
Reliquary Shrine
Reliquary Statuette of Saint Christopher
Report from Rockport
Restello
Rhyton terminating in the forepart of a wild cat
Riding coat
Ritual Board (Wenena gerua)
Ritual Figure
Ritual Statuette of Thutmose III
Ritual Vessel: Horse with Figures (Aduno Koro)
Road in Etten
Robe à l'Anglaise
Robe à la Française
Rolltop desk
Romesnil
Rosewater ewer
Round gown
Roundel with the Temptation of Saint Anthony
Rowel Spur
Royal or divine figure with high conical headdress
Rubens, His Wife Helena Fourment (16141673), and Their Son Frans (16331678)
Ruins of Gallego Flour Mills, Richmond
Runner in the City
Réponse aux plaintes des protestans touchant la prétendüe persecution de France. : Où l'on expose le sentiment de Calvin, & de tous les plus célebres ministres, sur les peines dûës aux hérétiques. On découves aussi plusieurs particularitez dignes d'être sçûës, touchant la Réformation & les réformateurs
S. P. Avery, Engraver on Wood
S? S?m S?i
Saada, the Wife of Abraham Ben-Chimol, and Préciada, One of Their Daughters
Saber
Saber with Scabbard
Sabine Houdon (17871836)
Safavid Courtiers Leading Georgian Captives
Saint Andrew
Saint Anthony Abbot
Saint Anthony the Abbot in the Wilderness
Saint Catherine of Alexandria
Saint James the Greater
Saint Jerome as Scholar
Saint John on Patmos
Saint John the Baptist
Saint Margaret of Antioch
Saint Nicholas Accuses the Consul from Scenes from the Life of Saint Nicholas
Saint Stephen
Saint-Guilhem Cloister
Saint-Maclou, Rouen
Saints Bartholomew and Simon
Salisbury Cathedral from the Bishop's Grounds
Sallet in the Shape of a Lion's Head
Salor Main Carpet
Saltcellar
Samson Captured by the Philistines
Samson and Delilah
San Zaccaria, Venice
San li tu
Sandals
Sarangi
Sardonyx cameo portrait of the Emperor Augustus
Satire on Art Criticism
Saùng-Gauk
Scalinata della Trinità dei Monti
Scarab of the Storehouse Overseer Wah
Scenes from the Legend of Saint Vincent of Saragossa and the History of His Relics
Schiphol
Scrapbook containing newspaper and magazine clippings, calling cards, sketches, photographs of paintings, and two sales catalogs of Harnett's (William Michael Harnett, 18481892) work
Screaming woman with blood on her hands
Screen
Sculptural Element from a Reliquary Ensemble: Head (The Great Bieri)
Sea Dragon
Seasons and Elements (Air) (set of four)
Seated Bishop
Seated Chief Playing Thumb Piano (Mwanangana)
Seated Figure
Seated Figure Bottle
Seated Harlequin
Seated Male Figure
Seated Male Figure with Lance
Seated Statue of Hatshepsut
Seated Woman
Seated Woman, Back View
Seated female
Seated goddess with a child
Secretary
Secretary-bookcase
Self-Portrait
Self-Portrait, from The Iconography
Self-portrait
Semiotexte
Semé
Senwosret III as a Sphinx
Sergeant of the Colonial Regiment
Sesando
Set of jewelry
Settee
Settee (one of a pair) (part of a set)
Sgra-Snyan
Sh?
Shabti of Yuya
Shaft-hole axe head with bird-headed demon, boar, and dragon
Sheet-gold decoration for a sword scabbard
Shield
Shield (Grere'o [?])
Shield for the Field or Tournament (Targe)
Shield of Henry II of France (reigned 154759)
Sho
Shoes
Short Sword (Yatagan) from the Court of Süleyman the Magnificent (reigned 152066)
Shrine
Shrine of the Virgin
Sibylle
Sickle sword
Side Chair
Side Drum
Sideblown Trumpet
Silk Animal Carpet
Silk Kashan Carpet
Silver-gilt bowl
Sitar
Skull Hook (Agiba)
Skyscraper
Slide Lecture at the Metropolitan Museum
Small desk with folding top (bureau brisé)
Snuff Tray
Soap Bubbles
Sofa
Soft Calendar for the Month of August
Soprano Recorder in B
South of Scranton
Sphinx of Amenhotep III, possibly from a Model of a Temple
Sphinx of Hatshepsut
Spindle-back armchair
Spinet
Splitting
Spoon holder
Spout in the form of a man's head
Spouted jar
Spring Blossoms, Montclair, New Jersey
Sprite
Square Piano
Square-Headed Bow Brooch
Stage Fort across Gloucester Harbor
Stalking Panther
Standard with two long-horned bulls
Standing Cup and Cover Supported by an Enchained Turk
Standing Figure
Standing Figure with Jeweled Headdress
Standing Hippopotamus
Standing Virgin and Child
Standing Woman
Standing female figure wearing a strap and a necklace
Standing figure of Amenhotep III
Standing male figure
Standing male worshiper
Standing man
Star Ushak Carpet
"Statue of Dionysos leaning on a female figure (""Hope Dionysos"")"
Statue of Gudea
Statue of Seated Imhotep
Statue of a goddess, probably Nehemetaui or Nebethetepet
Statue of two men and a boy that served as a domestic icon
Statuette of Amun
Statuette of Isis and Horus
Statuette of Kary
Statuette of a Royal (?)  Woman with the Cartouches of Necho II on her Arms
Statuette of a female
Statuette of a man with an oryx, a monkey, and a leopard skin
Statuette of the Child Amenemhab
Statuette of the Goddess Taweret
Statuette of the lady Tiye
Stela of the Steward Mentuwoser
Stele of Ushumgal
Stelophorous Statue of Bay
Stepping Out
Still Life with Apples and a Pot of Primroses
Still Life with Cake
Still Life with Jar, Cup, and Apples
Still Life: Balsam Apple and Vegetables
Still from an Untitled Film
Storage jar decorated with mountain goats
Stove
Strand of Beads
Straw
Street Scene in Paris (Coin de rue à Paris)
Street Story Quilt
Striding Figure
Striding Thoth
Striding figure with ibex horns, a raptor skin draped around the shoulders, and upturned boots
Studies for the Libyan Sibyl (recto); Studies for the Libyan Sibyl and a small Sketch for a Seated Figure (verso)
Studiolo from the Ducal Palace in Gubbio
"Study for ""Poseuses"""
Study for the Equestrian Monument to Francesco Sforza
Study of a Young Woman
Sugar pot
Suit
Summer Morning
Surf, Isles of Shoals
Susan Walker Morse (The Muse)
Suzu
Swan-Neck Glass Bottle
Sword
Sword Guard (Tsuba)
Sword and Scabbard
Sword and scabbard
Ta?s (mayuri)
Tabernacle House Altar with the Adoration of the Shepherds, the Adoration of the Magi, and the Annunciation.
Tabernacle frame
Tabernacle of Cherves
Tables for Ladies
Tahitian Faces (Frontal View and Profiles)
Tall Figure
Tanggu
Tapestry Room from Croome Court
Tapestry with the Annunciation
Tea Infuser and Strainer
Tea Urn
Tea service
Teakettle, lamp, and table
Teapot
Temple Gardens
Ten marble fragments of the Great Eleusinian Relief
Tennis at Newport
Tenor Recorder
Terracotta Panathenaic prize amphora
Terracotta alabastron (perfume vase) in the form of a woman holding a dove
Terracotta amphora (jar)
Terracotta aryballos (oil flask)
Terracotta bell-krater (bowl for mixing wine and water)
Terracotta calyx-krater (mixing bowl)
Terracotta column-krater (bowl for mixing wine and water)
Terracotta dinos (mixing bowl)
Terracotta funerary plaque
Terracotta head of a woman
Terracotta head of a woman, probably a sphinx
Terracotta kernos (vase for multiple offerings)
Terracotta krater
Terracotta lekythos (oil flask)
Terracotta loutrophoros (ceremonial vase for water)
Terracotta neck-amphora (jar) with lid and knob (27.16)
Terracotta oinochoe (jug)
Terracotta pyxis (box)
Terracotta situla (bucket)
Terracotta statuette of a woman
Terracotta stirrup jar with octopus
Terracotta volute-krater (bowl for mixing wine and water)
Terrifying Terrain
Textile Fragment
Textile fragment: walking ram with a neckband and fluttering ribbons
The 'Nigde' Carpet
The 'Simonetti' Carpet
The Abduction of Rebecca
The Abduction of the Sabine Women
The Accommodations of Desire
The Adoration of the Magi
The Adoration of the Shepherds
The American School
The Angel of Death and the Sculptor from the Milmore Memorial
The Anhalt Medallion Carpet
The Annunciation
The Annunciation to Zacharias; (verso) The Angel of the Annunciation
"The Antioch ""Chalice"""
The Archangel Gabriel announcing the birth of Christ
The Assumption of the Virgin
The Backgammon Players
The Baptism of Christ
The Bearer of the Banner of the Canton Glarus
The Beeches
The Beginning
The Belles Heures of Jean de France, duc de Berry
The Betrothal of the Virgin
The Big White Cloud, Lake George
The Bishop collection: investigations and studies in jade
The Block
The Bryant Vase
The Burial of Punchinello
The Businessman Max Roesberg, Dresden
The Card Players
The Champion Single Sculls (Max Schmitt in a Single Scull)
The Cloisters Cross
The Cloisters Playing Cards
The Connoisseur
The Contest for the Bouquet: The Family of Robert Gordon in Their New York Dining-Room
The Coronation of the Virgin
The Creation of the World and the Expulsion from Paradise
The Crucifixion
The Crucifixion with the Virgin and Saint John
The Crucifixion; The Last Judgment
The Cup of Tea
The Dance Class
The Death of Socrates
The Deluge
The Denial of Saint Peter
The Dining Room
The Doorway
The Emperor's Carpet
The Entombment of Christ
The Entrance Hall of the Regensburg Synagogue
The Falls of Niagara
The Farnese Table
The Feast of Herod and the Beheading of the Baptist
The Fieschi Morgan Staurotheke
The Flatiron
The Flesh Eaters
The Flower Girl
The Fortune-Teller
The Freedman
The Frugal Repast
The Genius of Castiglione
The Gentleman and Cabinet-maker's Director:  Being a Large Collection of . . . Designs of Household Furniture in the Gothic, Chinese and Modern Taste . . .
The Great Statue of Amida Buddha at Kamakura, Known as the Daibutsu, from the Priest's Garden
The Green Cushion
The Gulf Stream
The Handmade Papers of Japan
The Harvesters
The Hatch Family
The Head of the Virgin in Three-Quarter View Facing Right
The Holy Family with Saints Anne and Catherine of Alexandria
The Holy Family with Saints Anne and Joachim
The Holy Family with the Young Saint John the Baptist
The Holy Land, Syria, Idumea, Arabia, Egypt & Nubia
The Horse Fair
The Hours of Jeanne d'Evreux, Queen of France
The House of Bijapur
The Indian Hunter
The Intoxication of Wine
The Jewish Angel
The Judgment of Paris
The Judgment of Paris; he is sitting at left with Venus, Juno and Pallas Athena, a winged victory above; in the upper section the Sun in his chariot preceeded by Castor and Pollux on horseback; at lower right two river gods and a naiad above whom Jupiter, an eagle, Ganymede, Diana and another Goddess
The Kaunitz Sisters (Leopoldine, Caroline, and Ferdinandine)
The Lake of Zug
The Last Communion of Saint Jerome
The Last Supper
The Last Supper, after Leonardo da Vinci
The Lighthouse at Two Lights
The Little Fourteen-Year-Old Dancer
The Love Letter
The Love Song
The Lovers
The Magnolia Vase
The Martyrdom of Saint Paul
The Massachusetts Magazine, or, Monthly Museum of Knowledge and Rational Entertainment
The Meditation on the Passion
The Midnight Ride of Paul Revere
The Mountain
The Mountain Man
The Musicians
The Nativity
The New Bonnet
The New Zealanders
The Octopus
The Oxbow: After Church, After Cole, Flooded (Flooded River for the Matriarchs E. & A. Mongan), Green Light
The Palace of Westminster
The Parthenon
The Penitence of Saint Jerome
The Puritan
The Refectory of the Imperial Asylum at Vincennes
The Repast of the Lion
The Rest on the Flight into Egypt
The Restorers at San Lorenzo Maggiore, Naples
The Right Hand of God Protecting the Faithful against the Demons
The Ring Toss
The Road West
The Rocky Mountains, Lander's Peak
The Rothschild Lamp
The Round Tower, from 'Carceri d'invenzione' (Imaginary Prisons)
The Royal Acquaintances Memi and Sabu
The Singer of Amun Nany's Funerary Papyrus
The Sofa
The Sortie Made by the Garrison of Gibraltar
The Steeplechase, Coney Island
The Storyteller
The Street
The Studio (Vase before a Window)
The Sun Vow
The Temple of Dendur
The Terrace at Vernonnet
The Theory and Practice of Gardening : Wherein is Fully Handled all that Relates to Fine Gardens, Commonly called Pleasure-Gardens, as Parterres, Groves, Bowling-Greens &c. ....
The Thinker: Portrait of Louis N. Kenton
The Third-Class Carriage
The Titan's Goblet
The Toilette of Venus
The Town on the Hill, New Almaden
The Treatyse of  Fysshynge wyth an Angle from the book of Saint Albans
The Triumph of Fame
The Trojan Women Setting Fire to Their Fleet
The Trout Pool
The Unicorn in Captivity (from the Unicorn Tapestries)
The Unicorn is Found (from the Unicorn Tapestries)
The Valley of Wyoming
The Virgin Mary and Five Standing Saints above Predella Panels
The Virgin of Guadalupe with the Four Apparitions
The Visitation
The Water Garden
The White Captive
The Whole Art of Marbling as Applied to Paper, Book Edges, etc.
The Young Virgin
The architect and the industrial arts : an exhibition of contemporary American design, the eleventh in the museum series, New York, February 12 to March 24, and continued to September 2, 1929
The blind man
The cabinet-maker and upholsterer's drawing-book, in three parts
The cabinet-maker and upholsterer's guide, or, Repository of designs for every article of household furniture, in the newest and most approved taste : displaying a great variety of patterns for chairs, stools ... in the plainest and most enriched styles : with a scale to each, and an explanation in letter press : also the plan of a room, shewing the proper distribution of the furniture ... from drawings
The cabinet-makers' London book of prices, and designs of cabinet work, calculated for the convenience of cabinet makers in general, whereby the price of executing any piece of work may be easily found
The grammar of ornament
The letters of Sir Richard Westmacott
The life of Henry the Fourth of France, translated from the French of Perefix, by M. Le Moine ..
The metropolis of tomorrow
The principles of harmony and contrast of colours, and their applications to the arts
The psychedelic experience : a manual based on the Tibetan book of the dead
The song of Hiawatha
The sunshade, the glove, the muff
Theodosius Arrives at Ephesus, from a Scene from the Legend of the Seven Sleepers of Ephesus
Three Men Walking II
Three Standing Figures (recto); Seated Woman and a Male Hermit in Half-length (verso)
Three Virtues (Temperance, Hope, and Fortitude or Justice) and Studies of a Seated Man
Tile with Floral and Cloud-band Design
Tip of a Pointer
Tiraz Textile Fragment
Toilet set in original leather case
Tokuseu Hitome Sohshibori Hon Furisode
Tomb Effigy Bust of Marie de France (1327-41), daughter of Charles IV of France and Jeanne d'Evreux
Tomb of Ermengol VII, Count of Urgell
Tombak
Tommaso di Folco Portinari (14281501); Maria Portinari (Maria Maddalena Baroncelli, born 1456)
Tondo mirror frame
Top for standard
Torso of a High General
Traité de Plutarque, sur la manière de discerner un flatteur d'avec un ami et Le banquet des sept sages: dialogue du même auteur revu & corrigé sur des manuscrits de la Bibliothèque du roi; avec une version françoise & des notes
Traité de l'horlogerie, méchanique et pratique, approuvé par l'Academie royale des sciences
Transverse Flute
Transverse Flute in D-flat
Trattato dell' arte della pittura, scultura et architetettura
Travelling Boat being Rowed
Trees and Houses Near the Jas de Bouffan
Triton
Tsii'edo'a'tl
Tughra (Official Signature) of Sultan Süleiman the Magnificent (r. 152066)
Tunic
Tunic with Confronting Mythical Serpents
Turquoise Bowl with Lute Player and Audience
Twilight on the Sound, Darien, Connecticut
Two Men Contemplating the Moon
Two Pupils in Greek Dress
Two Young Girls at the Piano
Two bronze helmets
Two-handled Bowl
Tête-à-tête
Uffizio della Settimana Santa : colle rubriche volgari, argomenti de' Salmi, spiegazione delle cerimonie e misterj, con osservazioni, e riflessioni divote dell'abate Alessandro Mazzinelli
Ugolino and His Sons
Unfinished Stela to Amun-Re
Uniform
Unique Forms of Continuity in Space
Untitled
Untitled (cowboy)
Usuyuki
VVV
Variations in Violet and GreyMarket Place, Dieppe
Vase
Vase with overlapping pattern and three bands of palm trees
Velvet Panel with Flowering Plants
Velvet with Figural Imagery
Venezia
Venice, from the Porch of Madonna della Salute
Venus and Adonis
Venus and Cupid
Veranda Post: Equestrian Figure and Female Caryatid
Verdures du Vatican (set of two)
Versailles, France
Vessel stand with ibex support
Vessel terminating in the forepart of a fantastic leonine creature
Vessel terminating in the forepart of a stag
Vessel with six animal friezes
Vessel, Mythological Scene
Victory
View from Mount Holyoke, Northampton, Massachusetts, after a ThunderstormThe Oxbow
View of Heidelberg
View of Toledo
View on the Columbia, Cascades
Viola d'Amore
Viola da Gamba
Violin
Violoncello
Virgin
Virgin and Child
Virgin and Child in Majesty
Virgin and Child with Saint Anne
Virgin of the Annunciation
Vita del Tintoretto
Vita di Michelagnolo Buonarroti raccolta per Ascanio Condivi da la Ripa Transone
Vogue
Votive stela of Userhat
Waistcoat
Walking ensemble
Walking-Stick Flute/Oboe
Wall fountain
Wall painting from Room H of the Villa of P. Fannius Synistor at Boscoreale
Wall painting from the west wall of Room L of the Villa of P. Fannius Synistor at Boscoreale
Wall painting on black ground: landscape, from the imperial villa at Boscotrecase
Wall painting: Perseus and Andromeda in landscape, from the imperial villa at Boscotrecase
War
Wardrobe
Warwick Castle: The East Front
Washington Crossing the Delaware
Washstand
Watch
Water Bottle from Tutankhamun's Embalming Cache
Water Deity (Chalchiuhtlicue)
Water of the Flowery Mill
Wedding ensemble
Weight in shape of frog
Wendingen
Whalers
Wheat Field with Cypresses
Wheat Fields
Whip Handle in the Shape of a Horse
Whistle
White Flag
Wine urn
Wine-bottle cooler (seau à bouteille)
Wing Brooch
Winter
Winter Landscape
Winter Pool
Winter Scene in Moonlight
Wisconsin Landscape
Wisteria Room
Woman
Woman Bathing (La Toilette)
Woman Grinding Coffee
Woman in a Blue Dress
Woman with a Cat
Woman with a Parrot
Woman's Dress
Woman's Wearing Blanket
Woodwork of a Room from the Colden House, Coldenham, New York
Wrack
Writing board
Writing table (bureau plat)
Young Girl Bathing
"Young Man and Woman in an Inn (""Yonker Ramp and His Sweetheart"")"
Young Sailor II
Young Woman with a Water Pitcher
Youth Playing a Pipe for a Satyr
Yuny and His Wife Renenutet
Zoe, Maid of Athens
[A Corner of Mondrian's Studio with Bed, Stool, Curtain, and Mirrors]
[Abandoned House]
[Billboards at Night, Detroit]
[Brancusi's Studio]
[Cornelius Conway Felton with His Hat and Coat]
[Dance Study]
[Entrance to the Port of Boulogne]
[Farmyard Scene]
[Female Nude in Studio]
[Female Nude, Reclining, in Profile]
[Flower Study, Rose of Sharon]
[Floyd and Lucille Burroughs on Porch, Hale County, Alabama]
[Fontainebleau Forest]
[Japanese textiles]
[Landscape with Clouds]
[Landscape with Cottage]
[Large Figures on the North Porch, Chartres Cathedral]
[Mystery of the Street]
[Newhaven Fishwives]
[Oak Tree and Rocks, Forest of Fontainebleau]
[Reclining Odalisque]
[The Great Wave, Sète]
[The Oriel Window, South Gallery, Lacock Abbey]
[The Salon of Baron Gros]
[Thomas Eakins and John Laurie Wallace on a Beach]
[Two Standing Female Nudes]
[Waterfront Scene with Collaged Elements: Reclining Woman, Self-Portrait]
[Woman Seen from the Back]
"ex ""Kurtz"" Violin"
Édouard Manet, Seated, Holding His Hat
Étagère
